customer_id,age,gender,annual_income,loan_amount,loan_purpose,credit_score,repayment_history,transaction_count,spending_ratio,join_date,default_flag
CUST00001,59.0,Male,359961.75,614438.3,,683.7,0,25,26.58,2019-08-18,0
CUST00002,49.0,Female,492657.61,836216.56,Business,450.9,0,33,35.76,2021-03-28,0
CUST00003,35.0,Male,999398.23,2341495.61,Education,741.2,0,27,26.1,2022-02-26,0
CUST00004,63.0,Female,580881.54,436869.88,Home,666.4,0,35,46.63,2021-09-14,0
CUST00005,28.0,Male,248865.64,1104961.06,Business,588.9,0,35,56.25,2019-09-06,1
CUST00006,41.0,Male,697836.04,957075.11,Education,,5,49,19.61,2023-02-16,0
CUST00007,59.0,Male,324182.21,1608235.22,Education,737.7,2,51,19.49,2022-05-23,0
CUST00008,39.0,Female,165073.22,1791578.0,Business,665.5,2,46,15.95,2022-05-03,1
CUST00009,43.0,Male,1230343.51,1184329.44,Car,603.6,1,52,37.23,2022-05-12,0
CUST00010,31.0,Female,694867.48,765081.58,Education,703.4,3,44,60.62,2021-03-01,0
CUST00011,31.0,Male,,1371424.79,,699.2,0,57,30.84,2019-04-10,0
CUST00012,44.0,Male,446821.63,2507907.07,Car,759.3,2,28,64.17,2022-01-19,0
CUST00013,56.0,Other,1165188.84,965978.68,Education,656.7,6,67,21.66,2021-07-14,0
CUST00014,,Male,2951828.4,816613.12,Car,779.6,0,35,31.79,2024-09-08,0
CUST00015,44.0,Male,691645.82,1292022.24,Education,649.5,1,49,5.18,2024-04-12,0
CUST00016,23.0,Female,306723.18,1011665.88,Business,589.1,3,28,31.21,2019-07-22,1
CUST00017,42.0,Female,496353.65,386004.15,Home,605.1,4,19,54.01,2018-02-07,1
CUST00018,22.0,Female,4990055.0,1164184.69,Education,685.3,2,37,20.09,2018-09-02,0
CUST00019,44.0,Male,148413.78,383565.74,Home,685.1,0,40,38.43,2018-01-21,1
CUST00020,64.0,Male,649510.68,1279700.28,Education,714.6,0,27,5.0,2021-02-07,0
CUST00021,50.0,Female,686961.7,563543.66,Car,683.2,0,22,50.23,2022-06-18,0
CUST00022,58.0,Female,1120727.08,1010355.05,Business,763.3,2,20,55.56,2019-01-29,0
CUST00023,22.0,Female,1058293.03,1294216.09,Home,670.4,0,50,6.71,2021-12-04,0
CUST00024,41.0,Male,574436.41,5486122.84,Education,318.0,3,39,30.02,2020-09-13,1
CUST00025,,Female,1243014.83,1656015.5,Home,680.9,0,35,53.75,2022-07-30,0
CUST00026,32.0,Female,1655515.63,2559593.89,Business,539.5,0,16,22.07,2023-08-18,0
CUST00027,42.0,Male,,3649947.98,Other,710.4,0,22,14.06,2024-07-03,0
CUST00028,64.0,Male,680105.28,1386757.91,Other,,2,42,36.35,2023-03-26,0
CUST00029,45.0,Male,204431.14,1202583.67,Business,616.0,0,56,45.87,2018-10-17,0
CUST00030,47.0,Male,243279.12,466631.54,Business,796.4,0,31,45.45,2022-11-22,0
CUST00031,62.0,Male,340779.88,907418.51,Home,753.2,1,43,22.66,2020-06-30,0
CUST00032,48.0,Male,423373.45,593527.36,Car,780.5,0,75,65.9,2018-12-27,0
CUST00033,36.0,Male,295709.35,743600.2,,704.2,0,30,5.63,2022-06-11,0
CUST00034,35.0,Male,529772.28,3647178.32,Business,615.5,3,34,38.6,2018-08-07,1
CUST00035,64.0,Female,430395.55,1066865.06,Other,,1,27,59.79,2024-09-19,0
CUST00036,23.0,Female,973830.34,533316.48,Home,643.2,0,38,32.32,2023-07-09,0
CUST00037,57.0,Male,416180.56,2577095.17,Other,698.8,2,44,22.36,2023-08-03,0
CUST00038,27.0,Female,153630.42,1921646.32,Education,677.1,6,28,29.52,2023-08-07,1
CUST00039,,Female,579061.02,1993410.29,Education,774.4,1,20,24.07,2020-04-11,0
CUST00040,29.0,Male,536161.71,241761.95,Home,744.8,1,11,36.37,2022-11-29,0
CUST00041,59.0,Male,336338.23,3851871.42,Home,684.0,3,25,29.99,2022-11-27,0
CUST00042,38.0,Male,569349.6,665996.49,Education,543.6,5,52,6.67,2021-05-28,1
CUST00043,24.0,Male,299121.31,1697332.3,Education,642.4,2,54,29.01,2019-08-18,1
CUST00044,45.0,Female,647848.39,5761220.22,Home,742.8,0,92,43.13,2023-11-25,0
CUST00045,34.0,Male,2299284.26,4451416.53,Education,711.0,1,37,11.17,2019-08-04,0
CUST00046,29.0,,200168.94,496682.62,Business,577.3,2,13,23.38,2022-10-14,1
CUST00047,46.0,Female,406795.89,358196.81,Business,554.5,0,30,39.57,2023-08-18,1
CUST00048,22.0,Female,372473.88,2679772.92,Other,,0,23,37.66,2024-02-15,0
CUST00049,40.0,Male,425792.35,1087551.14,Car,610.7,3,44,24.37,2018-03-22,1
CUST00050,48.0,Female,946909.23,693414.34,Car,617.9,1,35,34.0,2023-11-26,0
CUST00051,27.0,Other,728362.84,1520961.08,Business,740.4,0,26,22.8,2021-09-06,0
CUST00052,64.0,Other,861837.12,878511.52,Car,780.2,1,42,29.47,2022-05-22,0
CUST00053,28.0,Male,549504.66,25048648.0,Home,,0,33,29.85,2018-12-12,0
CUST00054,55.0,Female,261148.73,1031874.15,Home,686.6,0,94,68.45,2023-03-02,0
CUST00055,34.0,Male,292705.73,1632579.03,Car,684.4,2,51,23.5,2024-07-03,0
CUST00056,37.0,Female,814592.15,526405.51,Home,337.0,0,72,17.11,2019-07-09,0
CUST00057,56.0,Other,,47752144.0,Car,693.0,0,56,36.63,2018-10-29,0
CUST00058,60.0,Female,1080694.1,1604521.85,Home,746.7,5,39,40.31,2018-07-19,0
CUST00059,,Female,634945.32,1547897.57,Home,639.5,0,37,29.55,2020-11-28,0
CUST00060,22.0,Female,281909.61,450282.77,Education,575.6,0,15,41.56,2018-11-03,0
CUST00061,26.0,Female,405531.57,3235657.44,Education,816.8,5,40,24.64,2022-07-15,0
CUST00062,62.0,Male,737224.53,975200.85,Education,771.7,2,28,39.98,2023-02-15,0
CUST00063,24.0,Male,798653.83,1639061.21,Home,607.2,1,57,34.29,2024-11-20,1
CUST00064,49.0,,864848.61,785458.48,Home,700.2,3,36,26.34,2024-02-05,0
CUST00065,38.0,Female,303553.07,1181886.38,Education,765.8,0,38,57.9,2023-01-21,0
CUST00066,46.0,Male,279130.14,1212250.55,Education,746.2,2,40,65.94,2022-10-31,0
CUST00067,64.0,Male,486799.99,136768.96,Car,724.7,1,70,26.66,2018-10-03,0
CUST00068,54.0,Male,1193070.07,1480238.36,Car,677.2,3,20,7.82,2021-03-21,0
CUST00069,30.0,Female,368933.77,3897083.55,Other,819.5,1,35,10.99,2021-11-02,0
CUST00070,56.0,Female,694005.07,1436681.04,Car,706.6,1,47,38.66,2019-09-30,0
CUST00071,34.0,,694039.13,503633.56,Car,651.4,0,39,44.25,2022-11-11,0
CUST00072,,Male,821120.39,1551872.92,Education,,0,77,17.03,2020-07-18,0
CUST00073,35.0,Female,1349766.46,2067056.91,Car,697.2,2,44,55.25,2023-02-24,0
CUST00074,28.0,Female,1275754.76,1409473.18,Car,716.2,1,33,28.62,2018-07-02,1
CUST00075,34.0,Male,389635.43,934821.64,Car,,1,33,60.69,2023-01-19,0
CUST00076,43.0,Female,170443.22,831091.8,Business,,0,28,35.19,2018-03-13,0
CUST00077,60.0,Male,372059.43,828674.88,Home,616.6,1,57,58.12,2022-08-04,1
CUST00078,41.0,Male,563329.37,1604694.3,Home,581.2,2,52,13.67,2021-07-19,1
CUST00079,36.0,Female,442898.14,367696.52,Car,797.6,3,23,38.3,2024-05-05,1
CUST00080,65.0,Male,1594936.4,758948.19,Business,708.7,1,35,41.59,2020-11-09,0
CUST00081,38.0,Male,545975.38,3008423.89,Home,747.8,4,42,62.36,2020-03-25,1
CUST00082,44.0,Male,774165.95,3090788.17,Other,558.0,3,24,36.69,2022-03-07,1
CUST00083,46.0,Male,608935.65,349863.04,Car,770.0,1,23,17.87,2024-01-04,0
CUST00084,45.0,Male,446570.14,445971.56,Other,650.9,1,29,15.24,2018-11-06,0
CUST00085,65.0,Female,187466.15,814692.15,Other,629.5,4,30,45.15,2023-08-24,1
CUST00086,61.0,Female,517497.67,1839147.42,Car,685.2,1,27,19.35,2018-05-12,0
CUST00087,49.0,Female,3236671.39,273968.37,Home,616.7,3,45,39.71,2023-02-21,1
CUST00088,35.0,Female,272541.96,947549.02,Home,689.9,1,59,40.45,2024-10-22,1
CUST00089,65.0,Female,199151.24,706497.25,Home,679.8,1,27,52.61,2020-01-10,1
CUST00090,21.0,Female,1567533.8,2490951.37,Education,769.5,0,40,36.35,2020-03-05,0
CUST00091,45.0,Male,812723.01,304420.14,Home,803.5,0,26,10.27,2024-04-29,0
CUST00092,27.0,Male,599038.37,1050501.71,Car,801.1,5,19,35.66,2018-09-15,0
CUST00093,29.0,Male,1143347.16,747487.9,Car,520.2,1,21,22.13,2021-06-11,1
CUST00094,44.0,Male,342036.91,2754810.59,Other,619.9,1,36,50.21,2024-09-22,0
CUST00095,21.0,Male,509595.67,1496076.92,Home,519.4,4,24,69.58,2023-01-26,1
CUST00096,64.0,Male,913770.54,653389.72,Home,,1,17,24.37,2020-09-01,0
CUST00097,28.0,Female,4584770.0,1789363.47,Home,641.3,1,41,50.91,2020-11-13,1
CUST00098,,Other,284162.24,749993.49,Other,720.8,2,4,11.63,2018-09-28,0
CUST00099,31.0,,1092964.13,1981829.17,Education,651.0,2,28,49.97,2021-01-23,0
CUST00100,37.0,Male,666644.02,834047.89,Home,653.1,0,20,47.93,2018-05-22,0
CUST00101,,Male,591066.37,2060103.14,Home,703.6,0,32,62.76,2020-06-20,0
CUST00102,55.0,Female,538072.68,1336089.16,Home,304.0,0,40,33.69,2018-10-01,0
CUST00103,55.0,Female,252317.72,9648796.56,Home,627.1,0,23,14.85,2024-05-12,0
CUST00104,53.0,Male,917767.11,948818.49,Other,652.2,1,52,11.87,2019-04-10,0
CUST00105,25.0,Female,351425.16,1287230.54,Business,674.8,0,24,18.46,2021-05-16,0
CUST00106,62.0,Male,298394.02,703907.81,Car,695.8,0,19,9.23,2021-08-12,0
CUST00107,59.0,Male,879406.41,986461.66,Business,802.5,0,28,17.47,2018-10-15,0
CUST00108,61.0,Male,,148555.72,Home,758.1,0,22,42.52,2020-05-25,0
CUST00109,48.0,Male,564361.37,1363968.21,Education,632.3,1,43,40.71,2023-06-16,0
CUST00110,27.0,Other,978473.51,2520611.15,Business,670.4,3,57,64.37,2024-02-06,0
CUST00111,29.0,Female,1183829.55,1299696.07,Car,665.3,2,54,42.39,2021-01-25,0
CUST00112,28.0,Male,1109614.53,392502.03,Business,651.4,0,6,31.89,2021-04-29,0
CUST00113,32.0,Female,404111.68,561714.5,Home,710.4,0,30,38.5,2019-03-23,0
CUST00114,54.0,Female,943883.2,179667.92,Home,550.5,0,8,15.43,2024-12-06,0
CUST00115,53.0,Female,607071.91,1953721.95,Home,756.1,1,50,39.71,2019-12-23,1
CUST00116,43.0,Male,1396178.3,51318933.0,Car,817.0,0,45,59.74,2023-12-04,0
CUST00117,44.0,Male,504816.07,965019.89,Education,669.8,1,27,17.55,2021-09-13,1
CUST00118,57.0,Male,444160.21,884151.49,Other,668.3,0,30,63.49,2019-02-11,0
CUST00119,55.0,Male,385544.43,2789600.42,Education,701.8,3,43,32.2,2022-09-22,0
CUST00120,64.0,Male,599654.14,1045177.12,Business,766.5,0,33,17.46,2019-11-25,0
CUST00121,60.0,Female,698505.97,1734491.85,Business,665.7,0,60,30.27,2019-05-10,1
CUST00122,42.0,Male,705935.57,1443418.24,Home,760.0,2,8,10.32,2020-08-05,0
CUST00123,47.0,Male,654773.66,2549959.4,Car,726.6,0,55,45.87,2018-01-23,0
CUST00124,55.0,Male,781578.1,832853.82,Home,,0,77,12.46,2021-02-02,0
CUST00125,21.0,Male,478112.81,3644503.61,Education,665.4,1,4,16.97,2022-08-26,1
CUST00126,55.0,Male,,245250.76,Other,541.8,1,46,70.1,2019-07-12,1
CUST00127,57.0,Male,318728.4,1794490.06,Home,582.5,2,47,27.71,2022-06-05,1
CUST00128,34.0,Male,923825.15,536792.17,Business,690.9,0,35,12.12,2020-07-29,0
CUST00129,23.0,Male,699889.17,697372.73,Education,767.1,0,9,32.67,2021-05-30,0
CUST00130,21.0,Male,194714.42,1466794.53,Education,641.1,0,25,37.99,2022-07-15,0
CUST00131,25.0,Female,987779.12,1458590.96,Car,672.7,0,59,46.14,2018-03-19,0
CUST00132,46.0,Male,5651962.0,1505295.24,Car,741.4,3,28,66.26,2021-09-07,0
CUST00133,,Male,364486.84,373132.71,Home,617.6,2,41,25.19,2020-03-17,1
CUST00134,59.0,Male,650104.26,2715050.64,Home,644.2,0,30,31.49,2020-11-07,0
CUST00135,47.0,,416481.8,524157.25,Home,602.4,1,39,46.87,2020-02-07,0
CUST00136,,Male,763423.96,575445.06,Education,778.4,0,49,22.74,2019-03-30,0
CUST00137,35.0,Female,284558.78,1538821.95,,805.6,3,45,5.0,2024-05-13,0
CUST00138,35.0,Female,519543.02,805561.78,Business,571.5,0,36,62.38,2021-12-18,1
CUST00139,46.0,Male,,1221735.06,Car,679.3,0,26,38.12,2022-02-08,0
CUST00140,62.0,Female,1066231.96,217592.54,Education,,1,18,36.89,2020-11-16,0
CUST00141,33.0,Male,683220.35,1201434.86,Car,719.9,1,42,29.99,2023-03-04,0
CUST00142,52.0,Male,448437.72,40074475.0,Education,653.3,1,39,23.87,2024-11-16,0
CUST00143,59.0,Male,225048.09,689070.61,Other,574.0,0,40,75.35,2018-12-29,1
CUST00144,52.0,Female,5435079.0,230532.43,,776.5,0,34,43.35,2019-06-09,0
CUST00145,24.0,Male,417441.47,848337.83,Home,717.0,1,41,19.18,2021-05-02,0
CUST00146,50.0,Other,368150.25,959184.09,Business,579.5,0,20,29.08,2022-01-25,1
CUST00147,57.0,Male,558357.17,761419.48,Home,779.2,3,26,23.61,2023-10-05,0
CUST00148,43.0,Female,447737.21,272304.95,Home,570.0,0,22,21.14,2021-06-07,1
CUST00149,59.0,Male,594019.1,3006580.08,Car,673.5,1,54,23.17,2024-12-11,0
CUST00150,65.0,Female,1047005.79,629572.9,Home,670.2,1,41,54.02,2023-01-30,1
CUST00151,35.0,Female,432114.46,842776.21,Education,811.4,0,42,5.0,2019-12-23,0
CUST00152,63.0,Male,252564.81,182292.53,Home,670.4,1,69,17.07,2023-06-07,1
CUST00153,49.0,Male,367346.5,3006835.47,Other,670.2,3,37,54.28,2021-04-22,1
CUST00154,56.0,Male,744876.46,710280.36,Business,587.8,0,21,40.8,2021-12-19,0
CUST00155,33.0,Male,784552.74,1054865.65,Education,642.0,4,16,49.89,2021-10-30,1
CUST00156,52.0,Male,675593.51,2157619.76,Education,628.7,1,48,58.72,2023-09-20,0
CUST00157,27.0,Female,1105054.84,613286.24,Business,,0,33,5.0,2022-02-16,0
CUST00158,42.0,Male,,1932396.48,Home,690.5,0,53,32.4,2020-09-30,0
CUST00159,48.0,Female,1670596.63,232599.22,Business,507.4,0,69,40.65,2024-04-26,0
CUST00160,22.0,Female,847463.39,1447995.38,Business,576.7,2,43,21.13,2024-10-24,1
CUST00161,62.0,Female,134872.06,2959614.31,Business,681.7,2,47,43.09,2020-07-14,1
CUST00162,65.0,Female,1454775.64,655863.66,Education,699.1,3,45,14.22,2020-05-05,0
CUST00163,26.0,Female,354391.45,2154818.67,Home,672.5,6,22,32.65,2018-03-25,0
CUST00164,48.0,Male,,3554574.26,Car,686.9,2,39,36.95,2023-09-25,0
CUST00165,48.0,Male,720769.1,823740.4,Business,659.3,1,49,37.01,2024-10-23,0
CUST00166,64.0,Male,207731.31,777415.47,Home,688.6,0,16,30.28,2022-03-23,0
CUST00167,64.0,Male,368609.07,525021.44,Business,722.6,1,39,19.07,2020-09-12,0
CUST00168,40.0,Male,1272385.7,689132.54,Home,722.0,0,28,39.93,2023-02-12,0
CUST00169,50.0,Male,733747.08,556402.97,Home,,2,52,44.69,2018-05-16,0
CUST00170,31.0,Female,844695.83,524721.14,Home,758.6,0,48,18.77,2021-04-21,0
CUST00171,48.0,Female,376509.73,2278857.34,Home,701.8,0,10,23.47,2022-09-29,0
CUST00172,45.0,Male,231861.73,566397.71,Car,782.4,0,34,38.54,2021-04-10,0
CUST00173,59.0,,797111.29,1179929.61,Home,797.5,0,5,37.15,2020-06-27,0
CUST00174,53.0,Male,901342.76,1011316.4,Other,308.0,1,36,51.57,2019-08-13,1
CUST00175,21.0,Male,879181.26,2809918.94,,625.6,0,29,64.48,2023-05-06,0
CUST00176,47.0,Male,606213.84,692311.06,Home,751.0,1,35,47.97,2020-08-13,0
CUST00177,33.0,,317461.7,1285686.83,Education,565.1,1,54,43.81,2021-02-17,1
CUST00178,61.0,Male,2065273.61,1712986.32,Other,796.5,1,66,74.68,2021-08-24,0
CUST00179,23.0,Female,703542.17,2793552.73,Business,664.2,0,24,24.33,2022-04-03,0
CUST00180,59.0,Other,,685273.06,Home,733.1,0,43,31.42,2024-05-31,0
CUST00181,26.0,Male,492279.99,36762329.0,Other,681.3,1,21,41.58,2022-12-12,0
CUST00182,28.0,Female,586705.7,468247.96,Business,,1,33,5.0,2023-10-02,0
CUST00183,47.0,Female,973141.27,4710995.18,Home,769.2,0,37,23.74,2020-03-16,0
CUST00184,29.0,Male,599766.37,2595087.28,Home,850.0,0,16,5.0,2021-12-26,0
CUST00185,57.0,Male,866469.54,955948.22,Education,651.4,0,42,8.44,2018-02-21,0
CUST00186,53.0,Female,587286.9,3805688.22,Home,665.8,1,43,14.03,2018-03-13,1
CUST00187,62.0,Female,507984.07,916846.76,Business,491.3,0,17,20.63,2018-01-28,1
CUST00188,64.0,Female,,1634892.04,Car,791.4,1,34,28.92,2019-04-14,0
CUST00189,44.0,Female,752990.07,991644.87,Other,758.4,2,46,29.65,2020-02-03,0
CUST00190,35.0,Female,492229.94,1300765.92,Education,560.0,0,43,27.1,2021-11-25,0
CUST00191,52.0,Other,357873.97,1207705.71,Home,535.1,5,51,43.82,2024-02-27,1
CUST00192,52.0,Female,652098.5,731249.68,Home,543.8,1,44,22.04,2020-03-30,1
CUST00193,44.0,Female,564159.2,2115388.36,,738.4,1,107,29.0,2022-01-29,0
CUST00194,61.0,Male,398244.16,1625241.04,Business,745.9,1,57,36.28,2022-08-03,0
CUST00195,32.0,Male,339992.81,2021572.47,Business,620.7,1,34,18.59,2019-07-14,0
CUST00196,59.0,Female,677226.94,1232011.84,Home,727.4,1,10,17.34,2019-01-14,0
CUST00197,22.0,Male,731280.42,521988.63,Home,701.9,0,33,20.35,2023-04-03,0
CUST00198,23.0,Male,4056625.0,3257824.65,Home,662.5,0,22,61.79,2020-12-11,0
CUST00199,57.0,Female,392791.66,819304.13,Education,762.8,0,48,34.68,2018-03-20,0
CUST00200,37.0,Male,342271.53,1270405.78,Home,599.6,0,39,14.15,2021-11-09,1
CUST00201,22.0,Male,666796.52,1536114.83,Car,776.1,0,40,9.33,2020-04-13,0
CUST00202,22.0,Female,347254.29,1264509.93,Education,635.4,0,50,40.84,2020-10-28,0
CUST00203,48.0,Female,1853569.9,1868771.68,Other,823.6,0,63,25.15,2023-09-04,0
CUST00204,43.0,Male,,2087263.73,Car,614.6,2,51,52.32,2019-03-26,0
CUST00205,57.0,Female,142362.54,841226.77,Home,663.6,3,21,56.43,2023-06-16,0
CUST00206,52.0,Female,531471.89,3071962.42,Education,694.4,4,36,30.21,2022-01-24,1
CUST00207,53.0,Male,519089.5,816814.67,Education,693.9,1,50,25.73,2024-02-24,0
CUST00208,21.0,Male,995942.91,1246343.14,Car,726.8,2,56,32.06,2022-10-09,0
CUST00209,39.0,Female,633154.3,750597.83,Other,593.6,3,31,11.79,2023-05-25,1
CUST00210,22.0,Male,341598.26,614502.66,Business,687.2,0,55,20.77,2024-10-20,0
CUST00211,64.0,Male,461614.07,2045051.97,Home,700.4,0,37,17.75,2022-03-31,0
CUST00212,46.0,Female,646986.61,8756683.79,Home,650.4,4,26,11.74,2019-11-21,0
CUST00213,52.0,Male,164293.08,764340.06,Car,720.3,1,54,11.45,2023-06-14,0
CUST00214,26.0,Male,1128321.8,2305308.59,Business,589.0,1,13,60.63,2021-11-02,0
CUST00215,52.0,Male,342099.38,783763.1,Home,665.5,0,68,13.48,2019-08-10,0
CUST00216,24.0,Female,1178053.55,977409.04,Education,633.5,0,30,59.27,2023-11-22,1
CUST00217,,Male,670551.53,3369613.61,Education,665.7,3,42,33.01,2023-01-04,0
CUST00218,37.0,Female,763964.63,464411.04,Home,,1,31,34.74,2023-06-09,0
CUST00219,58.0,Male,1016812.09,385882.68,Education,800.0,0,41,18.09,2019-09-19,0
CUST00220,44.0,Female,740604.95,926306.96,Other,785.3,0,24,30.23,2023-07-25,0
CUST00221,,Male,,1566820.9,Home,655.3,1,91,65.5,2024-11-10,1
CUST00222,,Female,493644.53,1362138.71,Car,758.1,1,50,73.05,2018-12-30,0
CUST00223,26.0,Male,663107.75,1267396.59,Car,698.4,0,73,21.92,2023-12-23,0
CUST00224,42.0,Other,391161.66,1008417.05,Other,693.4,3,37,13.69,2019-01-09,0
CUST00225,,Female,447362.23,1707563.43,Other,684.2,0,54,30.3,2023-09-18,0
CUST00226,36.0,Male,1592128.37,128082.43,Car,821.9,0,28,51.14,2023-06-11,0
CUST00227,53.0,Female,346449.91,582122.56,Business,792.4,1,51,55.73,2023-09-26,0
CUST00228,29.0,Male,588230.65,922157.5,Car,745.9,0,59,63.8,2023-09-15,0
CUST00229,26.0,Male,575162.55,1612303.34,,677.2,3,39,40.48,2023-11-13,0
CUST00230,36.0,Male,455469.96,2793583.11,Home,693.0,2,53,10.03,2021-10-16,0
CUST00231,49.0,Male,717064.1,529892.91,Home,729.8,2,39,40.92,2022-03-29,0
CUST00232,,Male,747393.54,2730390.06,Home,650.9,0,24,17.23,2021-03-15,0
CUST00233,40.0,Male,324746.27,717269.44,Education,760.4,0,52,44.21,2023-04-25,0
CUST00234,,Female,571343.68,899022.33,Home,,0,38,5.0,2019-01-03,0
CUST00235,39.0,Male,297955.06,30707249.0,Other,719.4,1,57,13.45,2018-03-06,0
CUST00236,46.0,Male,,854041.23,Home,518.3,2,14,34.05,2020-01-24,0
CUST00237,23.0,Male,595447.21,2141639.73,Home,648.7,3,25,24.54,2022-03-24,0
CUST00238,39.0,Male,,741757.09,Car,845.8,2,60,38.05,2023-07-29,0
CUST00239,40.0,Male,776434.25,749622.86,Education,767.7,4,17,54.19,2023-02-20,0
CUST00240,52.0,Female,464385.05,2056232.47,Home,805.2,2,22,54.21,2022-04-28,0
CUST00241,27.0,Male,893330.67,577124.29,Car,640.0,0,79,51.13,2020-01-26,0
CUST00242,61.0,Male,320730.13,1172032.95,Other,697.8,0,22,8.13,2024-02-07,0
CUST00243,53.0,Male,1174710.26,307940.58,Home,786.1,1,46,25.77,2022-03-05,0
CUST00244,60.0,Male,399112.6,3519211.6,Car,737.5,0,32,26.38,2019-08-20,0
CUST00245,59.0,Female,212585.92,2291200.23,Business,728.1,0,18,41.93,2023-01-09,0
CUST00246,38.0,Male,451037.52,6750148.35,Home,812.3,1,47,44.36,2021-10-27,0
CUST00247,60.0,Female,423757.86,2512665.28,Car,612.0,3,42,31.06,2022-05-06,1
CUST00248,21.0,Other,449171.16,446522.4,Car,676.2,0,54,10.84,2018-04-22,0
CUST00249,31.0,Male,613788.94,1572307.59,Car,,2,30,20.7,2019-03-29,1
CUST00250,48.0,Female,988370.89,517825.64,Home,607.9,2,44,56.54,2023-12-27,0
CUST00251,45.0,Male,486290.64,2971645.08,Home,770.6,1,40,30.06,2023-02-15,0
CUST00252,43.0,Female,369390.76,455523.14,Car,621.2,0,16,46.28,2024-03-28,0
CUST00253,51.0,Male,290802.39,440467.34,Home,745.2,0,46,25.48,2021-06-16,0
CUST00254,50.0,Female,417691.94,319059.21,Business,814.4,2,35,44.09,2018-09-10,1
CUST00255,62.0,Male,191318.78,699509.13,Car,676.7,2,56,75.73,2023-06-28,1
CUST00256,55.0,Male,362643.96,607656.8,Car,,3,41,71.54,2021-12-30,0
CUST00257,27.0,Male,1071135.27,407112.82,Other,745.7,1,36,9.49,2023-04-27,0
CUST00258,36.0,Female,343572.16,3964405.14,Education,,0,36,34.08,2021-08-19,0
CUST00259,46.0,Female,763595.69,1426759.7,Home,643.8,0,34,43.41,2023-10-21,1
CUST00260,22.0,Female,275249.94,1313970.7,Other,614.7,2,40,19.33,2023-02-01,1
CUST00261,21.0,Male,1431312.97,2994881.11,Home,649.7,0,48,7.5,2024-03-19,0
CUST00262,32.0,Female,1484641.23,1178061.04,Home,743.7,0,28,14.98,2021-01-05,1
CUST00263,25.0,Male,747927.9,582989.15,Business,,1,13,36.79,2018-03-03,0
CUST00264,57.0,Male,1615554.71,299495.05,Car,687.4,0,48,52.89,2022-02-03,0
CUST00265,52.0,Male,,560430.11,Car,611.8,0,22,54.73,2021-03-26,1
CUST00266,29.0,Female,824625.33,2824355.97,Home,782.0,0,57,50.88,2020-03-16,0
CUST00267,61.0,Male,1081720.77,408915.87,Car,649.1,0,14,58.46,2023-12-13,0
CUST00268,55.0,Female,596506.34,1260714.35,,804.2,0,35,15.67,2023-02-19,0
CUST00269,39.0,Female,230082.31,2030408.58,Other,694.6,2,54,30.74,2024-01-18,0
CUST00270,36.0,Male,833950.93,1202293.32,Home,584.5,2,28,7.37,2019-06-25,1
CUST00271,23.0,Male,,1301838.86,Other,,0,17,45.05,2019-09-18,0
CUST00272,40.0,Male,434242.58,1558014.39,Education,610.3,2,45,7.68,2022-06-03,1
CUST00273,44.0,Male,636565.25,1284007.51,Business,734.2,0,51,49.41,2018-04-16,0
CUST00274,53.0,Male,4642469.0,3036912.46,Education,670.4,1,28,32.53,2021-02-28,0
CUST00275,44.0,Male,586879.06,475344.84,Education,702.2,3,46,50.35,2022-09-05,1
CUST00276,31.0,Female,766546.96,1165076.62,Car,662.3,2,14,34.25,2023-03-24,0
CUST00277,28.0,Male,366307.56,275744.97,Home,648.3,2,80,57.65,2023-08-12,1
CUST00278,56.0,Female,527821.22,230585.65,Home,617.0,0,31,44.78,2024-03-30,0
CUST00279,58.0,Female,861988.32,929898.09,Business,752.7,0,17,20.43,2019-01-04,0
CUST00280,60.0,Male,1432648.16,1440305.35,Business,677.0,3,19,29.6,2021-06-28,0
CUST00281,40.0,Female,1740250.41,3083165.68,Car,666.4,0,51,25.18,2020-08-03,0
CUST00282,55.0,Female,,5356676.12,Home,675.1,0,11,5.0,2024-02-06,0
CUST00283,45.0,Male,857696.34,2480330.73,Car,639.1,2,29,45.88,2018-10-20,0
CUST00284,55.0,Male,1606982.16,1638048.29,Education,666.6,3,17,24.14,2019-08-07,0
CUST00285,45.0,Female,373637.06,1101270.86,Car,705.4,3,15,17.95,2024-02-01,0
CUST00286,49.0,Female,764009.05,337101.84,Business,612.4,0,64,40.33,2023-12-11,0
CUST00287,38.0,Male,824546.34,888930.54,Other,623.3,3,37,27.26,2024-03-24,1
CUST00288,38.0,Male,1198191.37,2429664.47,Home,793.4,0,32,27.92,2024-10-27,0
CUST00289,22.0,Male,289112.81,1846490.37,Car,662.8,0,53,5.0,2024-10-11,0
CUST00290,55.0,Female,322328.61,400138.53,Car,648.6,1,50,16.55,2020-02-04,1
CUST00291,36.0,Male,546757.26,1513322.24,Car,589.2,0,37,5.0,2023-10-14,0
CUST00292,61.0,Male,665138.26,1425274.48,Home,753.8,0,53,23.38,2021-07-28,0
CUST00293,56.0,Male,1002066.75,1257860.83,Home,610.8,1,20,42.04,2021-11-15,0
CUST00294,,Male,718304.66,965596.29,Other,688.9,0,54,40.21,2019-03-04,0
CUST00295,24.0,Female,497187.61,1568936.84,Car,561.9,0,12,15.12,2023-07-08,0
CUST00296,53.0,Male,679460.1,1604173.34,Car,751.4,0,36,22.36,2018-04-17,0
CUST00297,34.0,Female,637668.9,628429.33,Other,778.3,0,42,15.69,2019-10-21,0
CUST00298,41.0,Male,1410929.18,1353913.5,,726.3,0,23,18.81,2021-03-28,0
CUST00299,,Female,591911.51,862355.95,Home,574.9,2,30,37.72,2024-05-01,1
CUST00300,28.0,Male,437706.61,347644.71,Education,752.9,2,64,62.4,2021-05-10,0
CUST00301,27.0,Male,691961.06,664556.43,Car,627.9,0,40,25.95,2018-06-04,0
CUST00302,23.0,Female,602695.23,329528.2,Business,602.2,3,70,46.75,2020-06-14,0
CUST00303,37.0,Other,227738.58,1955322.06,Education,661.2,0,59,19.67,2022-03-02,1
CUST00304,53.0,Female,535733.1,1263154.3,Education,659.7,0,63,35.67,2022-06-09,0
CUST00305,32.0,Female,511239.76,767701.74,Car,652.1,3,33,73.07,2020-09-19,1
CUST00306,42.0,Female,400660.8,2661405.54,Business,785.5,0,15,15.95,2024-04-11,1
CUST00307,42.0,Male,955099.51,1032603.29,Home,840.9,6,40,5.0,2021-08-16,0
CUST00308,50.0,Other,350766.56,361545.82,Home,587.3,0,69,39.79,2021-10-17,0
CUST00309,58.0,Male,694251.97,723868.5,Car,638.3,2,60,25.3,2024-08-30,1
CUST00310,58.0,Female,498161.03,3087888.03,Home,700.7,0,65,59.65,2024-09-27,0
CUST00311,65.0,Female,573338.89,616224.77,Home,660.8,0,38,62.61,2021-07-25,0
CUST00312,28.0,Female,,1193803.4,Business,720.0,0,60,13.89,2020-01-29,0
CUST00313,47.0,Male,263243.33,1657322.05,Other,758.7,2,12,23.69,2020-01-17,0
CUST00314,47.0,Male,600437.29,40229785.0,Car,746.2,1,27,43.74,2019-08-16,0
CUST00315,54.0,Female,1902959.99,5469084.86,Home,735.7,4,23,60.76,2022-03-29,0
CUST00316,,Male,,432175.8,Home,814.4,0,75,63.7,2018-01-16,0
CUST00317,50.0,Other,523512.2,463460.22,Home,570.8,0,58,20.54,2020-09-19,0
CUST00318,53.0,Female,,437211.3,Home,801.0,0,39,36.38,2020-12-04,0
CUST00319,48.0,Male,637870.51,800392.18,Other,659.0,1,47,8.52,2021-09-06,0
CUST00320,53.0,Female,788889.72,2125598.93,Home,748.9,3,35,5.0,2024-01-05,0
CUST00321,,Male,146295.48,478200.7,Car,612.8,0,68,61.99,2024-07-30,0
CUST00322,39.0,Female,750907.05,2146506.84,Home,,1,41,25.63,2019-12-04,0
CUST00323,,Female,355425.69,1009119.44,Business,739.7,0,44,71.82,2019-09-05,0
CUST00324,55.0,Male,640774.26,453024.88,Business,545.3,1,51,29.48,2018-04-15,0
CUST00325,37.0,Male,531687.34,288959.27,Other,764.2,3,13,46.14,2022-02-06,0
CUST00326,64.0,Female,1891882.96,337966.03,Business,784.5,0,44,39.06,2019-01-31,0
CUST00327,48.0,Male,729914.31,617789.22,Car,703.3,0,15,28.7,2023-07-04,0
CUST00328,50.0,Female,,874663.2,Home,700.6,6,33,48.22,2020-04-30,1
CUST00329,49.0,Male,235547.76,2526243.78,Education,,3,27,39.64,2023-06-12,0
CUST00330,26.0,,577596.49,1722628.27,Car,740.6,1,42,5.09,2019-03-18,0
CUST00331,55.0,Male,849816.64,547293.84,,716.1,1,22,45.8,2022-07-27,0
CUST00332,61.0,Male,516947.43,1310691.87,Home,620.9,0,19,38.54,2020-05-22,0
CUST00333,57.0,Male,,3128556.86,,660.6,1,22,16.79,2019-10-29,0
CUST00334,44.0,Female,394382.82,3655495.45,Car,678.0,3,72,35.28,2020-11-17,0
CUST00335,49.0,Male,725290.68,790100.78,Education,660.5,1,37,20.21,2024-11-27,0
CUST00336,51.0,Male,820495.22,1925703.48,Business,587.8,0,63,5.33,2019-09-20,0
CUST00337,55.0,Male,1142427.07,2605066.49,Home,742.4,0,38,47.04,2021-11-29,1
CUST00338,53.0,Male,312622.0,342850.46,Car,671.7,0,34,41.56,2024-12-24,0
CUST00339,41.0,Male,721644.31,687842.41,Home,691.2,0,30,15.42,2018-12-14,0
CUST00340,52.0,Female,505378.45,4657610.54,Home,646.6,0,45,21.44,2021-06-17,0
CUST00341,43.0,Female,7420460.0,797529.99,Car,,0,43,45.54,2020-10-14,0
CUST00342,53.0,Male,674012.69,126719.85,Home,704.9,0,35,42.75,2019-07-24,0
CUST00343,23.0,Female,676177.53,904671.1,Home,781.0,0,40,32.9,2023-09-05,0
CUST00344,38.0,Female,722752.75,2163500.02,Car,726.0,1,36,33.37,2023-05-07,0
CUST00345,45.0,Male,302062.99,989106.52,Home,674.8,0,48,30.57,2024-03-14,0
CUST00346,62.0,Female,357755.02,1624571.69,Home,634.5,0,41,14.79,2021-09-13,0
CUST00347,51.0,Other,1223501.7,1898843.17,Home,754.9,0,10,42.19,2019-11-01,0
CUST00348,23.0,Male,478630.96,767999.06,Home,668.8,0,52,12.78,2019-12-19,1
CUST00349,60.0,Male,639414.32,684486.98,Home,677.1,1,49,67.29,2024-06-15,0
CUST00350,44.0,Female,965176.7,1096253.14,Education,677.1,0,17,10.88,2018-09-24,0
CUST00351,52.0,Female,697246.08,1115089.52,Home,659.9,2,36,46.81,2021-12-09,1
CUST00352,42.0,Male,729844.99,1022594.7,Home,678.4,4,63,35.57,2021-09-18,0
CUST00353,43.0,Female,883827.97,1052427.09,Car,834.5,2,81,47.28,2020-10-19,0
CUST00354,22.0,Female,168692.86,583043.87,Education,611.4,1,16,11.06,2023-07-31,0
CUST00355,47.0,Female,,1664775.5,Business,628.9,3,45,8.25,2024-11-02,1
CUST00356,62.0,Female,699228.73,1497731.76,Business,793.8,1,34,44.89,2019-07-19,0
CUST00357,22.0,Female,1159157.92,386464.06,Education,661.9,0,68,36.74,2021-06-24,0
CUST00358,46.0,Male,560370.0,749818.44,Car,656.2,0,34,22.75,2020-11-25,0
CUST00359,37.0,Male,339560.0,1050898.33,Education,767.6,3,26,5.0,2021-11-25,0
CUST00360,60.0,Female,344570.05,677375.4,Education,583.5,0,64,11.8,2018-01-28,0
CUST00361,53.0,Female,878633.96,1538256.8,Home,751.6,0,23,9.34,2018-08-08,0
CUST00362,29.0,Male,479368.33,939574.34,Home,693.4,2,77,31.77,2019-02-10,0
CUST00363,63.0,Female,538229.31,1108314.3,Home,724.9,2,15,21.13,2022-06-26,1
CUST00364,59.0,Female,757869.59,743782.17,Other,723.5,0,60,17.67,2022-12-04,0
CUST00365,49.0,Male,120000.0,243956.89,Car,642.9,1,28,61.94,2024-05-07,0
CUST00366,62.0,Female,1623674.15,234393.4,Business,768.8,0,39,50.79,2022-10-26,0
CUST00367,46.0,Female,361460.99,1487677.42,Car,648.7,2,43,58.15,2022-08-02,1
CUST00368,55.0,Female,617271.97,1186879.86,,,0,74,33.04,2020-03-02,0
CUST00369,,Male,211592.31,1338504.55,Home,782.8,0,49,71.74,2020-08-20,0
CUST00370,44.0,Male,428309.95,1081793.63,Home,793.4,3,104,27.79,2021-08-02,0
CUST00371,33.0,Female,1071508.93,1144178.17,Business,670.0,0,29,19.89,2020-04-13,0
CUST00372,27.0,Male,188359.58,1940228.6,Education,724.7,1,20,17.73,2018-11-13,0
CUST00373,56.0,Male,1003907.1,1344097.79,,663.0,0,81,24.26,2021-08-13,1
CUST00374,65.0,Male,464848.65,2040359.44,Business,850.0,0,14,16.61,2024-07-13,0
CUST00375,40.0,Male,706402.48,1110169.53,Home,748.5,1,10,19.54,2021-08-23,1
CUST00376,21.0,Male,775791.0,797895.39,Other,696.3,0,31,6.2,2018-12-17,0
CUST00377,28.0,Male,688852.07,42983309.0,Car,302.0,0,31,76.02,2019-05-26,0
CUST00378,36.0,Male,335802.05,548353.53,Car,720.5,0,36,10.67,2019-05-07,0
CUST00379,34.0,Male,4909410.0,754723.81,Car,722.8,1,48,58.44,2023-04-16,0
CUST00380,32.0,Female,241867.2,1114927.48,Home,672.0,4,40,42.58,2022-06-06,0
CUST00381,43.0,Female,708204.37,1104632.03,Home,660.4,6,37,25.63,2023-08-19,1
CUST00382,35.0,Male,1377981.54,913927.74,Education,678.6,0,14,43.78,2022-03-01,1
CUST00383,48.0,Female,198106.0,372603.71,Business,604.5,0,25,19.59,2022-05-03,0
CUST00384,54.0,Male,355433.96,1537220.82,Business,743.9,0,42,16.35,2024-10-23,0
CUST00385,22.0,Female,488953.95,1765527.17,Home,629.9,3,35,8.48,2022-04-25,1
CUST00386,52.0,Female,594417.84,3111400.01,Car,610.5,0,28,24.35,2022-10-28,0
CUST00387,43.0,Other,,1341425.21,Home,688.9,5,31,34.28,2023-06-15,1
CUST00388,42.0,,496972.52,985617.16,Home,680.2,0,65,5.0,2021-06-22,0
CUST00389,45.0,Female,454168.11,484503.21,Education,708.7,6,24,60.09,2023-09-12,0
CUST00390,42.0,Female,991249.84,2797991.81,Car,647.4,3,44,48.76,2020-11-12,1
CUST00391,42.0,Male,777701.12,1171134.02,,660.6,2,63,28.31,2018-02-18,0
CUST00392,62.0,Male,726822.73,1127328.49,Home,741.9,0,24,31.25,2019-04-07,0
CUST00393,26.0,Female,574861.05,824193.54,Other,737.3,0,51,27.54,2018-12-02,0
CUST00394,35.0,Male,,788132.34,Home,734.2,0,32,13.91,2021-10-13,0
CUST00395,63.0,Female,,1594047.14,Car,692.5,0,20,12.41,2021-02-19,0
CUST00396,,Male,349415.89,481658.95,Car,702.7,0,79,11.91,2018-12-25,0
CUST00397,53.0,Male,814521.04,3071886.12,Home,,1,40,36.45,2024-07-21,0
CUST00398,28.0,Male,221069.02,2637306.05,Home,640.8,0,39,30.03,2018-07-12,0
CUST00399,64.0,Male,568467.11,768470.09,Car,800.6,1,36,44.71,2021-12-10,0
CUST00400,64.0,Female,454018.36,537828.39,Business,789.9,1,10,56.23,2021-11-01,1
CUST00401,25.0,Male,249405.38,240230.9,,749.6,0,39,26.31,2020-01-26,0
CUST00402,59.0,Male,323774.59,410040.12,Education,658.1,5,16,43.66,2022-08-12,1
CUST00403,24.0,Male,508928.67,1641199.68,Other,730.4,0,35,7.74,2024-11-30,0
CUST00404,26.0,,954248.87,1227805.89,Business,763.4,0,27,7.38,2020-04-07,0
CUST00405,65.0,Female,377329.13,1391033.42,Car,598.3,1,86,33.49,2020-06-08,0
CUST00406,52.0,Male,,270518.09,Car,817.1,2,59,48.95,2019-10-15,0
CUST00407,50.0,Female,559471.9,746334.42,Education,559.5,0,17,8.42,2024-09-21,0
CUST00408,55.0,Female,1110933.92,2564030.43,Education,742.8,0,35,25.16,2024-05-22,0
CUST00409,60.0,Female,387522.66,920599.91,Car,799.0,1,51,41.75,2023-04-06,0
CUST00410,36.0,Female,526051.67,404090.32,Education,,0,42,58.83,2020-04-30,0
CUST00411,33.0,Female,661765.13,910617.64,Home,678.7,1,61,56.08,2018-04-21,1
CUST00412,62.0,Female,489563.4,573944.4,Car,740.1,4,42,23.38,2019-09-12,0
CUST00413,50.0,Male,912700.7,1243667.63,Home,828.9,6,50,36.13,2020-03-03,0
CUST00414,39.0,Male,160466.42,998871.84,Home,668.9,0,16,37.97,2023-09-29,1
CUST00415,37.0,Male,2047895.11,1440221.77,Home,631.4,0,43,9.83,2021-03-03,0
CUST00416,39.0,Male,866117.65,419766.32,Education,658.2,0,23,10.6,2019-08-11,0
CUST00417,48.0,Female,491175.85,719202.62,,573.6,0,18,78.43,2021-08-02,1
CUST00418,46.0,Female,398803.1,2112333.97,Home,757.3,0,50,8.97,2023-05-12,0
CUST00419,57.0,Male,335530.68,381552.59,Car,651.4,0,40,46.08,2024-06-19,1
CUST00420,46.0,Male,770726.23,487878.46,Car,674.4,5,58,18.39,2018-10-24,1
CUST00421,43.0,Male,934007.66,1132013.11,Home,758.2,4,36,54.37,2022-06-18,0
CUST00422,29.0,Female,494158.02,1203459.5,Education,661.7,0,33,20.84,2019-07-23,0
CUST00423,32.0,Female,993356.34,699279.02,Business,746.9,0,31,36.46,2021-04-02,0
CUST00424,21.0,Male,,810249.08,Business,612.1,0,28,39.54,2020-04-11,0
CUST00425,21.0,Female,297718.6,1430104.24,Education,761.9,0,38,14.82,2019-09-02,0
CUST00426,54.0,Female,1464958.78,1784670.75,Car,715.6,1,40,5.0,2018-01-16,0
CUST00427,52.0,Male,747963.71,465815.46,Home,683.4,1,50,33.62,2021-10-01,0
CUST00428,45.0,Female,1165040.62,1270630.34,Home,699.8,3,58,47.83,2018-03-13,0
CUST00429,60.0,Female,337841.85,2837435.47,Home,593.5,2,38,63.38,2018-09-27,1
CUST00430,65.0,Male,325156.22,907887.32,Other,300.0,1,44,5.0,2018-10-14,0
CUST00431,21.0,Male,4404520.0,462366.24,Home,679.4,1,69,25.32,2018-03-07,0
CUST00432,36.0,Male,343439.98,447635.99,Home,595.5,0,44,15.21,2020-05-29,1
CUST00433,59.0,Male,796474.88,879829.83,Other,639.7,1,24,38.89,2018-03-09,0
CUST00434,,Female,357496.43,2033142.36,Other,680.3,1,37,61.15,2021-05-01,0
CUST00435,42.0,Female,283674.17,956916.01,Business,644.5,0,22,21.02,2021-11-03,0
CUST00436,49.0,Male,584264.15,1124065.28,Home,509.1,0,21,7.58,2020-08-31,0
CUST00437,23.0,Male,265802.17,490196.11,Home,770.7,0,31,43.06,2019-05-23,0
CUST00438,32.0,Male,200846.22,1959465.6,Car,679.3,4,20,53.81,2021-01-30,1
CUST00439,46.0,Male,581456.52,441546.67,Home,519.5,0,51,71.75,2020-06-04,1
CUST00440,36.0,Female,206473.84,691661.85,Home,850.0,0,45,8.6,2024-10-05,0
CUST00441,57.0,,827698.03,1530248.05,Car,783.1,0,45,17.48,2023-06-11,0
CUST00442,42.0,Male,250838.97,236191.44,Other,663.8,1,39,5.4,2020-02-14,0
CUST00443,49.0,,157570.68,1112113.49,Car,626.8,0,94,88.8,2024-11-30,1
CUST00444,34.0,Female,459737.91,475750.34,Education,,5,17,68.65,2020-07-14,0
CUST00445,48.0,Male,585093.52,996081.72,Education,705.2,3,29,27.84,2018-04-30,1
CUST00446,25.0,Female,708079.24,769549.9,Home,730.7,1,13,35.18,2023-04-23,0
CUST00447,50.0,Male,593984.58,4299822.83,Education,627.0,1,36,42.35,2019-05-03,0
CUST00448,25.0,Female,301757.22,747743.41,Home,772.3,0,34,31.62,2023-10-27,0
CUST00449,,Female,,3576359.57,Home,654.5,0,54,12.6,2019-03-17,0
CUST00450,36.0,Male,916279.0,1484912.79,Education,741.1,2,37,23.71,2019-04-07,0
CUST00451,46.0,,278404.63,561843.56,Home,630.2,0,74,7.15,2019-09-04,0
CUST00452,46.0,Female,489160.84,1241173.24,Other,850.0,0,34,36.49,2021-08-10,0
CUST00453,41.0,Female,464658.49,795648.81,Home,742.2,1,61,35.82,2022-07-18,0
CUST00454,59.0,Male,609997.34,1166490.52,Education,850.0,0,63,34.38,2020-07-05,0
CUST00455,56.0,Male,482768.21,597360.65,Car,752.1,4,35,60.74,2018-01-06,0
CUST00456,53.0,Female,520563.54,3214313.44,Home,647.9,0,43,21.31,2019-11-12,0
CUST00457,50.0,Female,769117.12,1881874.03,Home,752.2,2,21,25.88,2024-05-07,0
CUST00458,57.0,Male,292839.75,1006759.28,Education,757.5,1,48,21.85,2022-07-02,0
CUST00459,,,810620.45,3303127.61,Business,718.0,2,25,62.51,2018-04-09,0
CUST00460,30.0,Male,1012186.1,1037158.66,Business,737.3,0,54,47.4,2019-06-10,0
CUST00461,25.0,Female,1327455.15,2122993.07,Car,747.1,1,31,6.6,2024-02-20,0
CUST00462,56.0,Male,166233.38,1011363.94,Business,615.5,3,57,20.02,2021-03-26,0
CUST00463,54.0,Male,488651.14,1297203.45,Education,610.1,0,17,24.67,2022-08-17,1
CUST00464,51.0,,183357.79,930049.28,Education,630.4,0,10,27.22,2021-02-12,0
CUST00465,30.0,Female,141593.42,1052533.79,Car,699.6,1,38,44.77,2019-01-31,0
CUST00466,39.0,Male,584932.17,1109447.06,,673.3,2,43,55.32,2020-02-09,1
CUST00467,52.0,Male,433855.37,616114.26,Business,616.8,0,22,55.18,2023-01-01,0
CUST00468,21.0,Male,637250.45,743595.09,Car,748.1,4,24,20.56,2022-03-26,0
CUST00469,25.0,Male,705999.8,845997.33,,711.2,0,34,14.73,2019-11-14,0
CUST00470,65.0,Other,1073401.11,1156371.58,Education,702.7,0,46,6.5,2022-04-06,0
CUST00471,24.0,Male,556630.12,963757.21,Home,670.7,2,46,15.35,2018-01-15,0
CUST00472,36.0,Male,2697525.93,2238066.26,Home,661.6,1,40,30.51,2024-08-12,0
CUST00473,44.0,Female,639553.41,1781529.5,Car,626.9,3,59,33.34,2021-05-21,0
CUST00474,36.0,Male,,858181.34,Car,760.0,6,33,38.79,2018-01-05,1
CUST00475,22.0,Male,149782.45,2590207.97,Business,,0,37,15.75,2024-03-28,0
CUST00476,48.0,Male,1135242.39,3653201.4,Home,705.7,0,31,27.04,2023-03-24,0
CUST00477,52.0,Male,489226.93,235465.95,Business,814.7,0,38,36.28,2021-11-26,0
CUST00478,47.0,Male,185055.12,1890974.87,Business,665.1,2,39,43.83,2022-05-27,0
CUST00479,40.0,Male,680987.9,606167.16,Home,762.1,3,52,12.27,2018-06-18,0
CUST00480,44.0,Female,457427.85,1724630.9,Business,732.7,0,13,55.05,2020-03-02,0
CUST00481,32.0,Male,743429.55,2342587.3,Other,713.4,0,37,16.84,2020-09-26,0
CUST00482,55.0,Male,942312.32,532908.59,Education,722.3,0,49,27.04,2018-06-01,0
CUST00483,53.0,Female,238224.18,269243.39,Business,682.9,3,54,12.41,2024-03-21,1
CUST00484,53.0,Male,944305.9,1767017.87,Other,692.6,0,40,39.52,2019-05-19,1
CUST00485,63.0,Female,542294.08,1082497.83,Education,648.9,0,25,6.95,2022-04-23,0
CUST00486,57.0,Female,1137180.65,306230.35,Car,693.1,1,51,54.39,2023-09-23,1
CUST00487,32.0,Male,482708.62,5784515.44,Business,646.1,3,21,56.55,2019-05-19,1
CUST00488,23.0,Female,417180.85,1524372.78,Education,765.4,1,43,21.03,2020-04-22,0
CUST00489,21.0,Male,548465.54,1573904.49,,,1,22,36.5,2018-12-17,1
CUST00490,53.0,Male,571502.07,2561420.2,Home,726.1,0,38,46.08,2023-09-02,0
CUST00491,60.0,Male,375295.26,655676.78,Business,715.2,1,29,34.99,2022-07-18,0
CUST00492,30.0,Male,411281.18,1078754.7,Home,708.5,2,44,30.87,2019-08-21,0
CUST00493,63.0,Female,275190.39,391004.62,Other,766.8,5,57,45.29,2020-12-02,1
CUST00494,64.0,Male,425468.08,643344.79,Car,668.5,0,39,36.36,2024-11-18,0
CUST00495,49.0,Male,783848.1,1289753.92,Home,709.2,0,56,75.28,2018-02-09,0
CUST00496,33.0,Male,501047.01,306907.21,Car,561.3,0,26,9.46,2024-06-08,0
CUST00497,32.0,Female,941270.57,630707.4,Home,658.9,0,40,51.04,2018-06-24,0
CUST00498,51.0,Male,487972.24,514240.45,Education,754.2,3,64,44.02,2020-09-25,1
CUST00499,22.0,Female,4333390.0,1087578.88,Other,589.6,0,84,49.4,2022-01-24,0
CUST00500,55.0,Male,750504.7,1472233.04,Business,702.0,0,79,38.96,2021-05-01,0
